synonym,parten,需要查询指标,in_sql,公式,问题类别,备注
['总资产周转率'],总资产周转率,,,,3,
['资产周转率'],资产周转率,,,,3,
['资产收益率'],资产收益率,,,,3,
['资产及负债状况'],资产及负债状况,,,,3,
['资产和负债变化主要原因'],资产和负债变化主要原因,,,,3,
['资产负债率'],资产负债率,,,,3,
['主营业务'],主营业务,,,,3,
['主要资产重大变化情况'],主要资产重大变化情况,,,,3,
['主要销售客户客户集中度'],主要销售客户客户集中度,,,,3,
['主要销售客户及主要供应商情况'],主要销售客户及主要供应商情况,,,,3,
['主要销售客户'],主要销售客户,,,,3,
['主要控股参股公司分析'],主要控股参股公司分析,,,,3,
['主要会计数据及财务指标'],主要会计数据及财务指标,,,,3,主要会计数据和财务指标 表 或者主要会计数据 主要财务指标
['主要产品'],主要产品,,,,3,
['重大资产'],重大资产,,,,3,
['重大诉讼、仲裁事项情况'],重大诉讼、仲裁事项情况,,,,3,
['重大诉讼、仲裁事项'],重大诉讼、仲裁事项,,,,3,
['重大环保问题'],重大环保问题,,,,3,
['重大合同及其履行'],重大合同及其履行,,,,3,
['重大股权投资情况'],重大股权投资情况,,,,3,
['重大关联交易情况'],重大关联交易情况,,,,3,
['重大关联交易'],重大关联交易,,,,3,
['员工情况'],员工情况,,,,3,特殊处理
['营业收入变动趋势'],营业收入变动趋势,,,,3,
['营业收入变动情况及原因'],营业收入变动情况及原因,,,,3,
"['应付股利', '应付股利', '应付分红', '应发股利', '应派股利', '有待支付的股息', '必须支付的分红', '待付股息', '应付的股息分配', '应当分配的股利', '应支付的利润分红']",应付股利,,,,3,
['应收账款周转天数'],应收账款周转天数,,,,3,
['应付账款周转天数'],应付账款周转天数,,,,3,
['应付账款周转率'],应付账款周转率,,,,3,
['研发投入情况'],研发投入情况,,,,3,
['研发投入变动情况及原因'],研发投入变动情况及原因,,,,3,
['薪酬情况'],薪酬情况,,,,3,
['经营性现金流量净额'],经营性现金流量净额,,,,3,
['现金流量覆盖率'],现金流量覆盖率,,,,3,
['现金流量'],现金流量,,,,3,不用标
['现金流'],现金流,,,,3,
['现金及现金等价物'],现金及现金等价物,,,,3,
['未来发展展望'],未来发展展望,,,,3,
['外币报表折算'],外币报表折算,,,,3,
['外币业务'],外币业务,,,,3,
['投资收益变动原因'],投资收益变动原因,,,,3,
['投资活动产生现金流量净额'],投资活动产生现金流量净额,"[['投资活动产生的现金流量净额', '0', '合并现金流量表']]",,{v0},3,
['提到了哪些诉讼风险'],提到了哪些诉讼风险,,,,3,
['所处行业地位情况'],所处行业地位情况,,,,3,
['实控人'],实控人,,,,3,
['实际控制人'],实际控制人,,,,3,
['是否涉及重大诉讼、仲裁事项'],是否涉及重大诉讼、仲裁事项,,,,3,
['社会责任工作情况'],社会责任工作情况,,,,3,
['社会责任'],社会责任,,,,3,
['审计意见'],审计意见,,,,3,
['审计报告中审计意见及成因'],审计报告中审计意见及成因,,,,3,
['审计报告中关键审计事项'],审计报告中关键审计事项,,,,3,
['破产重整相关事项'],破产重整相关事项,,,,3,
['聘任、解聘会计师事务所'],聘任、解聘会计师事务所,,,,3,
['聘任、解聘会计师事务情况'],聘任、解聘会计师事务情况,,,,3,
['年报，公司审计意见情况如何'],年报，公司审计意见情况如何,,,,3,
['面临退市'],面临退市,,,,3,
['控股股东是否发生变更'],控股股东是否发生变更,,,,3,
['控股股东及实控人'],控股股东及实控人,,,,3,有表但是很复杂，可以单独处理
['控股股东及实际控制人情况'],控股股东及实际控制人情况,,,,3,
['及其控股股东、实际控制人诚信状况'],及其控股股东、实际控制人诚信状况,,,,3,
['经营情况'],经营情况,,,,3,
['经营模式'],经营模式,,,,3,
['环境信息'],环境信息,,,,3,
['核心竞争力'],核心竞争力,,,,3,
['合并报表范围发生变化'],合并报表范围发生变化,,,,3,
['行业情况'],行业情况,,,,3,
['行业发展情况及公司所处行业地位如何'],行业发展情况及公司所处行业地位如何,,,,3,
['股权激励计划、员工持股计划或其他员工激励措施'],股权激励计划、员工持股计划或其他员工激励措施,,,,3,
['股权出售'],股权出售,,,,3,
['规划下一年度经营计划'],规划下一年度经营计划,,,,3,
['关键审计事项'],关键审计事项,,,,3,
['供应商集中度'],供应商集中度,,,,3,
['风险情况'],风险情况,,,,3,
['非主营业务金额变化原因'],非主营业务金额变化原因,,,,3,
['费用变化原因'],费用变化原因,,,,3,
['非经常性损益'],非经常性损益,,,,3,
['非标准审计报告'],非标准审计报告,,,,3,
['发展战略及经营计划'],发展战略及经营计划,,,,3,
['董事、监事、高级管理人员年龄分布'],董事、监事、高级管理人员年龄分布,,,,3,
['董事、监事、高级管理人员变动'],董事、监事、高级管理人员变动,,,,3,
['董事、监事、高级管理人员报酬情况'],董事、监事、高级管理人员报酬情况,,,,3,
['董事、监事、高级管理人员'],董事、监事、高级管理人员,,,,3,
['董事会会议议案'],董事会会议议案,,,,3,
['董事长致辞中提到了哪些主要内容是否涉及了重大创新'],董事长致辞中提到了哪些主要内容是否涉及了重大创新,,,,3,
['地位情况'],地位情况,,,,3,
['从事主要业务'],从事主要业务,,,,3,
['处罚及整改'],处罚及整改,,,,3,
['长期资产减值'],长期资产减值,,,,3,
['财务指标'],财务指标,,,,3,
"['租赁负债', '租赁负债', '租赁欠款', '租赁债务', '租入负债', '租借负债', '租赁负债总额', '租借债务', '租赁债权', '租赁债券', '租借欠款']",租赁负债,"[['租赁负债', 0, '合并资产负债表']]",,{v0},2,
"['总资产增长率', '总资产增长率', '总资产增值率', '总资产提升率', '总资产增进率', '资产总额增长率', '全资产增长率', '资产总计增长率', '全体资产增长率', '资产全数增长率', '总资产的增长程度']",总资产增长率,"[['资产总计', '0', '合并资产负债表'], ['资产总计', '1', '合并资产负债表']]",,({v0}-{v1})/{v1},2,总资产增长率=(总资产-上年总资产)/上年总资产，资产合计（合并资产负债表）
"['总资产', '资产总金额', '资产总计', '资产总额', '资产总计', '资产合计', '资产总量', '总资产', '资产总值', '全部资产', '资产总额', '总体资产', '资产全额', '资产总数']",资产总计,"[['资产总计', 0, '合并资产负债表']]",,{v0},2,
"['综合收益总额', '综合收益', '综合收益总额', '总体收益总额', '总合收益量', '综合收入总额', '总收益总数', '综合总收益', '综合获利总额', '综合益利总值', '总体综合收益', '全部综合收益']",综合收益总额,"[['综合收益总额', 0, '合并利润表']]",,{v0},2,
"['总负债增长率', '总负债增长率', '负债总额增速', '全体负债增长比例', '总债务增速', '全部负债的增加速度', '全额负债增长百分比', '负债总计增长比例', '负债总量的增长速度', '总的债务增加率', '全部债务的增长百分比']",总负债增长率,"[['负债合计', '0', '合并资产负债表'], ['负债合计', '1', '合并资产负债表']]",,({v0}-{v1})/{v1},2,总负债增长率=(总负债-上年总负债)/上年总负债，负债合计（合并资产负债表）
"['总负债', '负债合计', '负债合计', '总负债', '负债总额', '负债总计', '全部负债', '负债总数', '总体负债', '累计负债', '合计负债', '全额负债', '负债总金额']",负债合计,"[['负债合计', 0, '合并资产负债表']]",,{v0},2,
['子公司支付给少数股东的股利、利润'],子公司支付给少数股东的股利、利润,"[['子公司支付给少数股东的股利、利润', 0, '合并现金流量表']]",,{v0},2,
['子公司吸收少数股东投资收到的现金'],子公司吸收少数股东投资收到的现金,"[['子公司吸收少数股东投资收到的现金', 0, '合并现金流量表']]",,{v0},2,
"['资产减值损失', '资产减值损失', '资产减值的损失', '资产减损', '资产折旧损失', '资产损耗', '财产减值损失', '减值损失', '减损', '资金减值损失', '资产的减值损失']",资产减值损失,"[['资产减值损失', 0, '合并利润表']]",,{v0},2,
"['资产负债比率', '资产负债比率', '负债占资产比率', '负债和资产的比率', '资产与负债的比例', '资负比', '负债对资产的比例', '净资产比率', '负债比资产的比例', '资产负债比值', '相对负债比率']",资产负债比率,"[['负债合计', '0', '合并资产负债表'], ['资产总计', '0', '合并资产负债表']]",,{v0}/{v1},2,资产负债比率=总负债/资产总额，负债合计（合并资产负债表），资产总计（合并资产负债表）
"['资产处置收益', '资产处置收益', '资产处理收益', '资产清理收益', '处置资产收益', '处理资产收益', '清理资产收益', '收益自资产处置', '收益自资产处理', '收益自资产清理', '出售资产收益']",资产处置收益,"[['资产处置收益', 0, '合并利润表']]",,{v0},2,
['资本化研发支出占研发投入的比例'],资本化研发支出占研发投入的比例,"[['资本化研发支出占研发投入的比例', 0, '研发人员及研发费用表']]",,{v0},2,
['资本化研发支出占当期净利润的比重'],资本化研发支出占当期净利润的比重,"[['资本化研发支出占当期净利润的比重', 0, '研发人员及研发费用表']]",,{v0},2,
"['资本公积', '资本公积', '资本储蓄', '资金公积', '储备资本', '公积金', '储备基金', '资本积累', '资本储备', '留存资本', '公积资本']",资本公积,"[['资本公积', 0, '合并资产负债表']]",,{v0},2,
['主要子公司在职员工的数量'],主要子公司在职员工的数量,"[['主要子公司在职员工的数量', 0, '员工情况表']]",,{v0},2,
['注册地址的邮政编码'],注册地址的邮政编码,"[['注册地址的邮政编码', 0, '公司信息表']]",,{v0},2,
"['注册地址', '注册地址', '登记地址', '注册地', '登记地', '注册所在地', '登记所在地', '公司注册地址', '公司登记地址', '注册办公地址', '登记办公地址']",注册地址,"[['注册地址', '0', '公司信息表']]",,{v0},2,
"['专业构成类别', '专业构成类别', '专业种类构成', '专业类型构成', '专业构成种类', '专业类型组成', '专业构成方式', '构成的专业类别', '专业组成类别', '专业构成的类型', '构成的专业类型']",专业构成类别,"[['专业构成类别', 0, '员工情况表']]",,{v0},2,
"['专业构成', '专业构成', '专业组成', '专业结构', '专业配置', '专业组合', '专业分布', '专业形态', '专业构造', '专业组织', '专业排布']",专业构成,"[['专业构成', 0, '员工情况表']]",,{v0},2,
"['专项储备', '专项储备', '特定储备', '专用储备', '特别储备', '专项准备金', '特别准备金', '专门储备', '项目储备', '专项储备金', '特定准备金']",专项储备,"[['专项储备', 0, '合并资产负债表']]",,{v0},2,
"['专科及以下', '专科及以下', '专科学历或以下', '专科及以下学历', '专科及其以下', '专科及以下教育', '专科以下', '专科或以下', '专科及以下程度', '以下专科', '及以下专科']",专科及以下,"[['专科及以下', 0, '员工情况表']]",,{v0},2,
"['终止经营净利润', '停止经营净利润', '终结经营净利润', '终止业务净利润', '结束经营净利润', '停业净利润', '终止营业净利润', '终止运营净利润', '停止营业净利润', '终结营业净利润', '停止运营净利润']",终止经营净利润,"[['终止经营净利润', 0, '合并利润表']]",,{v0},2,
['重新计量设定受益计划变动额'],重新计量设定受益计划变动额,"[['重新计量设定受益计划变动额', 0, '合并利润表']]",,{v0},2,
"['中文简称', '公司中文简称', '中文简称', '公司简称', '简称', '企业简称', '中文公司名', '简短中文名', '中文名简称', '公司简短名称', '简化中文公司名']",公司的中文简称,"[['公司的中文简称', 0, '公司信息表']]",,{v0},2,
"['质押贷款净增加额', '质押贷款净增加额', '抵押贷款净增值', '质押借款净增额', '抵押借款净增加额', '质押贷款净涨幅', '抵押贷款净涨幅', '质押贷款增长净额', '质押贷款净增值', '抵押贷款增长净额', '质押贷款净提升额']",质押贷款净增加额,"[['质押贷款净增加额', 0, '合并现金流量表']]",,{v0},2,
"['职工总数', '职工总人数', '在职员工的数量合计', '员工总数', '员工人数']",在职员工的数量合计,"[['在职员工的数量合计', '0', '员工情况表']]",,{v0},2,
['支付原保险合同赔付款项的现金'],支付原保险合同赔付款项的现金,"[['支付原保险合同赔付款项的现金', 0, '合并现金流量表']]",,{v0},2,
['支付其他与投资活动有关的现金'],支付其他与投资活动有关的现金,"[['支付其他与投资活动有关的现金', 0, '合并现金流量表']]",,{v0},2,
['支付其他与经营活动有关的现金'],支付其他与经营活动有关的现金,"[['支付其他与经营活动有关的现金', 0, '合并现金流量表']]",,{v0},2,
['支付其他与筹资活动有关的现金'],支付其他与筹资活动有关的现金,"[['支付其他与筹资活动有关的现金', 0, '合并现金流量表']]",,{v0},2,
['支付利息、手续费及佣金的现金'],支付利息、手续费及佣金的现金,"[['支付利息、手续费及佣金的现金', 0, '合并现金流量表']]",,{v0},2,
['支付给职工以及为职工支付的现金'],支付给职工以及为职工支付的现金,"[['支付给职工以及为职工支付的现金', 0, '合并现金流量表']]",,{v0},2,
"['支付的各项税费', '支付的各项税费', '需要缴纳的税费', '应付税金', '偿还的税费', '待支付税费', '需支付的税款', '应纳税款', '要支付的税费', '应交的税费']",支付的各项税费,"[['支付的各项税费', 0, '合并现金流量表']]",,{v0},2,
['支付保单红利的现金'],支付保单红利的现金,"[['支付保单红利的现金', 0, '合并现金流量表']]",,{v0},2,
"['证券简称', '股票简称', '股票简称', '企业股名', '公司股票称谓', '股份简易称呼', '证券简称', '上市公司简称', '股票小名', '股票别称', '股份别名', '证券名简称']",股票简称,"[['股票简称', '0', '公司信息表']]",,{v0},2,公司信息(大多情况是在这里面)
"['证券代码', '股票代码', '股票代码', '股票编号', '股权代码', '股权编号', '股份代码', '股份编号', '公司股票号码', '股市代码', '上市代码', '证券代码']",股票代码,"[['股票代码', '0', '公司信息表']]",,{v0},2,公司信息(大多情况是在这里面)
"['债权投资', '债权投资', '投资债权', '债权类投资', '债券投资', '投资债券', '投入债权', '对外债权投资', '债券型投资', '固定收入投资', '债券资产投资']",债权投资,"[['债权投资', 0, '合并资产负债表']]",,{v0},2,
"['在建工程', '在建工程', '在建的工程', '建设中的工程', '正在建设的工程', '进行中的工程', '现行工程项目', '工程在建项', '施工中的项目', '开发中的工程', '工程建设中的项目']",在建工程,"[['在建工程', 0, '合并资产负债表']]",,{v0},2,
"['预收款项', '预收款项', '预收款', '预收货款', '预收账款', '预收款额', '预收货款项']",预收款项,"[['预收款项', 0, '合并资产负债表']]",,{v0},2,
"['预计负债', '预计负债', '预测负债', '预期负债', '预估负债', '预见负债', '预料负债', '预定负债', '预算负债', '近期预计负债', '未来预计负债']",预计负债,"[['预计负债', 0, '合并资产负债表']]",,{v0},2,
"['预付款项', '预付款项', '预支付款项', '预付账款', '预付货款', '预先支付款项', '准备支付款项', '已付款项', '预付项', '先付款项']",预付款项,"[['预付款项', 0, '合并资产负债表']]",,{v0},2,
"['优先股', '优先股', '优先出资股', '优先认购股', '优先权股', '优先级股', '优先转股', '有优先权股份', '优先权证券', '优先权出资', '优先级别股份']",优先股,"[['优先股', 0, '合并资产负债表']]",,{v0},2,
"['油气资产', '油气资产', '石油天然气资产', '油气资源', '石化资产', '油气储备', '油田资产', '气田资源', '石油气资源', '油气产业资产', '石油天然气资源']",油气资产,"[['油气资产', 0, '合并资产负债表']]",,{v0},2,
"['永续债', '永续债', '永续债券', '永久债', '无期限债券', '无限期债', '永恒债券', '长期债', '长久债券', '无期限债权']",永续债,"[['永续债', 0, '合并资产负债表']]",,{v0},2,
"['已赚保费', '已赚保费', '获得保费', '已获得的保费', '已积累保费', '已收取的保费', '已赚取的保费', '已收取保费', '已赚取保费', '已获得保费', '获取的保费']",已赚保费,"[['已赚保费', 0, '合并利润表']]",,{v0},2,
['以摊余成本计量的金融资产终止确认收益'],以摊余成本计量的金融资产终止确认收益,"[['以摊余成本计量的金融资产终止确认收益', 0, '合并利润表']]",,{v0},2,
['一年内到期的非流动资产'],一年内到期的非流动资产,"[['一年内到期的非流动资产', 0, '合并资产负债表']]",,{v0},2,
['一年内到期的非流动负债'],一年内到期的非流动负债,"[['一年内到期的非流动负债', 0, '合并资产负债表']]",,{v0},2,
['以公允价值计量且其变动计入当期损益的金融资产'],以公允价值计量且其变动计入当期损益的金融资产,"[['以公允价值计量且其变动计入当期损益的金融资产', 0, '合并资产负债表']]",,{v0},2,
['以公允价值计量且其变动计入当期损益的金融负债'],以公允价值计量且其变动计入当期损益的金融负债,"[['以公允价值计量且其变动计入当期损益的金融负债', 0, '合并资产负债表']]",,{v0},2,
"['一般风险准备', '一般风险准备', '常规风险备用金', '一般风险储备', '普通风险准备', '标准风险准备', '通用风险准备', '常态风险准备', '一般性风险准备', '一般的风险预备', '平常风险准备']",一般风险准备,"[['一般风险准备', 0, '合并资产负债表']]",,{v0},2,
"['盈余公积', '盈余公积', '公积金盈余', '剩余公积金', '积蓄盈余', '公积盈余', '赢余公积', '剩余的公积金', '赚余公积', '积累盈余', '累计公积金盈余']",盈余公积,"[['盈余公积', 0, '合并资产负债表']]",,{v0},2,
"['营业总收入', '营业总收入', '营业收入总额', '总营业收入', '营收总额', '营业总额', '营业全总收入', '总的营业收入', '企业营业总收入', '公司营业总收入', '全部营业收入']",营业总收入,"[['营业总收入', 0, '合并利润表']]",,{v0},2,
"['营业总成本', '营业总成本', '营业成本总额', '总营业成本', '经营总成本', '总经营成本', '营业的全部成本', '营业全成本', '营业成本总计', '全部营业成本', '经营成本的总和']",营业总成本,"[['营业总成本', 0, '合并利润表']]",,{v0},2,
"['扣除营业外支出', '非营业费用', '非营运支出', '减去营业外支出', '扣非营业支出', '非营业支出', '扣掉营业外支出', '营业外付款', '减营业外开销', '减除非营业支出', '减非营业支出', '营业外费用', '营业以外的支出', '除去营业外支出', '减营业外支出', '营业非运营支出', '非经营性支出', '负营业外支出', '非营业性支出', '营业外支出']",营业外支出,"[['营业外支出', '0', '合并利润表']]",,{v0},2,
"['营业外收入', '包含营业外收入', '非营业性收入', '增加营业外收入', '营务外收益', '除营业外的收入', '加上营业外收入', '营业外益收', '加营业外收入', '营业外所得', '营业外收益', '加之营业外收入', '非营业收入', '含营业外收入', '加上非营业性收入', '加计营业外收入', '非主营业务收入', '加入营业外收入', '累加营业外收入', '营业外利益', '营业外赚取']",营业外收入,"[['营业外收入', '0', '合并利润表']]",,{v0},2,
"['营业税金及附加', '税金及附加', '税金和附加', '税务及附加', '税收及附加', '税款及附加', '应付税金及附加', '税费及附加', '预计税金及附加', '合计税金及附加', '税金增值及附加', '递延税金及附加']",税金及附加,"[['税金及附加', '0', '合并利润表']]",,{v0},2,
"['营业收入增长率', '营业收入增长率', '营收增长率', '销售收入增长率', '经营收入增长率', '营业增长率', '经营收益增长比率', '运营收入增速', '营业增速', '营业额增长速度', '营业收益增幅']",营业收入增长率,"[['营业收入', '0', '合并利润表'], ['营业收入', '1', '合并利润表']]",,({v0}-{v1})/{v1},2,
"['营业收入', '营业收入', '经营收入', '商业收入', '运营收入', '营收', '销售收入', '收益', '营销收入', '营业额', '业务收入']",营业收入,"[['营业收入', '0', '合并利润表']]",,{v0},2,
"['营业利润增长率', '营业利润增长率', '营业利润提升率', '营业利润增进率', '营业盈利增长率', '经营利润增长比率', '营业收益增长率', '营业利益增长比例', '营业获利增长率', '营运利润增长率']",营业利润增长率,"[['营业利润', '0', '合并利润表'], ['营业利润', '1', '合并利润表']]",,({v0}-{v1})/{v1},2,
"['营业利润率', '营业利润率', '营业盈利率', '营运利润比例', '营业收益率', '营业利益比率', '营业盈余率', '经营利润率', '营业利润百分比', '运营盈利率', '营业利益率']",营业利润率,"[['营业利润', '0', '合并利润表'], ['营业收入', '0', '合并利润表']]",,{v0}/{v1},2,- 营业利润率=营业利润/营业收入，营业利润（合并利润表），营业总收入（合并利润表）
"['营业利润', '实现营业利润', '营业利润', '营业收益', '营业盈利', '营运利润', '营业赢利', '经营利润', '商业利润', '营销利润', '业务利润', '营业成果']",营业利润,"[['营业利润', '0', '合并利润表']]",,{v0},2,
"['营业成本率', '营业成本率', '经营成本率', '运营成本率', '营运成本率', '业务成本率', '营业费用率', '业务费用率', '经营费用率', '运营费用率', '营运费用率']",营业成本率,"[['营业成本', '0', '合并利润表'], ['营业收入', '0', '合并利润表']]",,{v0}/{v1},2,GPT4：用营业成本不是营业总成本，用营业收入不是营业总收入
"['营业成本', '营业成本', '运营成本', '业务成本', '商业成本', '经营成本', '营运成本', '营业开支', '经营开支', '运营支出', '业务支出']",营业成本,"[['营业成本', '0', '合并利润表']]",,{v0},2,
"['英文名称', '外文名称', '公司外文名称', '公司洋文名称', '公司英文名称', '企业外文名', '公司国际名称', '企业英文名称', '外语公司名称', '公司名称外文版', '海外公司名称', '外国语言公司名称']",外文名称,"[['外文名称', '0', '公司信息表']]",,{v0},2,
"['应收账款', '应收账款', '待收账款', '应收的款项', '未收账款', '应收货款', '应收款项', '应收账目', '应收账单', '应收资金', '待收款项']",应收账款,"[['应收账款', 0, '合并资产负债表']]",,{v0},2,
"['应收票据', '应收票据', '需收票据', '待收票据', '票据应收', '收取的票据', '应收的票据', '票据收取项目', '应收帐款票据', '应收账款票据', '应当收到的票据']",应收票据,"[['应收票据', 0, '合并资产负债表']]",,{v0},2,
"['应收利息', '应收利息', '应得利息', '应入利息', '应取得利息', '应收的利息', '应获得的利息', '应收账上利息', '应拿到的利息', '预期应收利息', '应收未支付的利息']",应收利息,"[['应收利息', 0, '合并资产负债表']]",,{v0},2,
"['应收款项融资', '应收款项融资', '应收账款融资', '应收款项贷款', '应收账款资金融通', '应收的款项融资', '应收账单融资', '融资的应收款项', '应收账款的贷款', '款项应收融资', '待收款项融资']",应收款项融资,"[['应收款项融资', '0', '合并资产负债表']]",,{v0},2,
"['应收股利', '应收股利', '应取得的股利', '应得股利', '应获取股利', '预期收取的股利', '预计得到的股利', '应有股利', '将获得的股利', '有权获得的股利', '应得的股利']",应收股利,"[['应收股利', 0, '合并资产负债表']]",,{v0},2,
"['应收分保账款', '应收分保账款', '应收分保费', '应收分包费', '应收分保金', '应收分保款项', '应收保险费用', '应收分保费用', '应收分包账款', '应收分保账项']",应收分保账款,"[['应收分保账款', 0, '合并资产负债表']]",,{v0},2,
['应收分保合同准备金'],应收分保合同准备金,"[['应收分保合同准备金', 0, '合并资产负债表']]",,{v0},2,
"['应收保费', '应收保费', '待收取保费', '应收的保险费', '应收的保费', '保费应收款', '未收保费', '预收保费', '应收未收保费', '应收保险费', '待收保费']",应收保费,"[['应收保费', 0, '合并资产负债表']]",,{v0},2,
"['应交税费', '应交税费', '应缴纳的税款', '应付税费', '应缴税金', '需交税款', '待缴税费', '应上交的税费', '待交的税金', '需缴纳的税金', '待缴交的税款']",应交税费,"[['应交税费', 0, '合并资产负债表']]",,{v0},2,
"['应付职工薪酬', '需支付职工薪酬', '职工薪酬', '应付员工薪水', '待付员工工资', '应支职工报酬', '未支付员工薪金', '待支付职工薪津', '应发员工工资', '应付职员薪金', '待发职工薪资', '应付人员薪金', '待支付职员工资']",应付职工薪酬,"[['应付职工薪酬', '0', '合并资产负债表']]",,{v0},2,
"['应付账款', '应付账款', '欠款', '应付款项', '未付款项', '待付费用', '应交账款', '应缴款项', '待付款项', '欠账款', '逾期款项']",应付账款,"[['应付账款', 0, '合并资产负债表']]",,{v0},2,
"['应付债券', '应付债券', '应偿债券', '待付债券', '应付应偿债券', '期满付债券', '应偿还债券', '到期应付债券', '应偿付债券', '应归还债券', '欠债券']",应付债券,"[['应付债券', 0, '合并资产负债表']]",,{v0},2,
"['应付手续费及佣金', '应付手续费及佣金', '应付佣金及手续费', '应付的手续费和佣金', '需要支付的手续费和佣金', '需要付出的手续费和佣金', '须付手续费和佣金', '应支付服务费及佣金', '应交手续费与佣金', '需交付的手续费与佣金', '应付出的手续费与佣金']",应付手续费及佣金,"[['应付手续费及佣金', 0, '合并资产负债表']]",,{v0},2,
"['应付票据', '应付票据', '待支付票据', '应付的票据', '待付款票据', '应交票据', '有待付款的票据', '应付帐单', '应缴纳的票据', '待处理的票据', '即将支付的票据']",应付票据,"[['应付票据', 0, '合并资产负债表']]",,{v0},2,
"['应付利息', '应付利息', '待支付利息', '未付利息', '应归还利息', '应偿还利息', '欠付利息', '未缴利息', '欠缴利息', '需支付利息', '计划支付利息']",应付利息,"[['应付利息', 0, '合并资产负债表']]",,{v0},2,
"['应付分保账款', '应付分保账款', '应出分保账款', '待付分保账款', '应偿分保账款', '应纳分保账款', '需付分保账款', '应付分保款项', '待缴分保账款', '应缴分保账款', '应赔分保账款']",应付分保账款,"[['应付分保账款', 0, '合并资产负债表']]",,{v0},2,
"['衍生金融资产', '衍生金融资产', '衍生金融投资', '衍生资金投资', '衍生金融工具', '衍生金融资本', '衍生金融资金', '金融衍生资产', '衍生金融资产投资', '衍生金融性资产', '金融衍生投资資產']",衍生金融资产,"[['衍生金融资产', '0', '合并资产负债表']]",,{v0},2,
"['衍生金融负债', '衍生金融负债', '衍生金融债务', '衍生性金融负债', '衍生性金融债务', '衍生金融性负债', '衍生金融性债务', '衍生性负债', '衍生性债务', '衍生负债', '衍生债务']",衍生金融负债,"[['衍生金融负债', 0, '合并资产负债表']]",,{v0},2,
['研发支出资本化的金额'],研发支出资本化的金额,"[['研发支出资本化的金额', 0, '研发人员及研发费用表']]",,{v0},2,
['研发投入占营业收入比例'],研发投入占营业收入比例,"[['研发投入占营业收入比例', 0, '研发人员及研发费用表']]",,{v0},2,
"['研发投入金额', '研发投入金额', '研发支出金额', '研发投入总额', '研发花费金额', '研发费用总额', '研发资金投入', '研发经费总额', '研发投资额度', '研发资本投入', '研发投入资金']",研发投入金额,"[['研发投入金额', 0, '研发人员及研发费用表']]",,{v0},2,
"['研发投入', '研发费用', '花费在研发上费用', '研发费用', '研究与开发费用', '研究开发费', '研发支出', '研发资金', '研发投入', '研发成本', '研究及开发费用', '研究发展费用', '科研开发费用']",研发费用,"[['研发费用', '0', '合并利润表']]",,{v0},2,
"['研发人员占职工总人数比例', '研发人员占职工人数比例', '研发人员在职工人数中所占比例', '研发人员所占职工人数比例', '研发人员数量占比', '研发人员数量占比', '研发人员人数占比', '研发团队占比', '研发员工占比', '研发职工占比', '研发人力占比', '研发人员数占总人数比例', '研发部门人数占比', '研发队伍占比', '研发部分人员占比','科技人员数量占比','科技人才数量占','研发人员数量占','科技人员数量占']",研发人员数量占比,"[['研发人员数量占比', '0', '研发人员及研发费用表']]",,{v0},2,有问题待讨论
"['研发部门规模', '研发人力规模', '研发员工数量', '研发部门人力', '技术专员', '研发团队规模', '科研人员', '科技人员', '研发团队人数', '研发人员数量', '技术人员', '技术力量', '技术人才', '研发团队的人数', '研发队伍规模', '技术团队', '研发人员', '技术研发人员', '科技人才', '研发部门人员总数', '技术员工']",研发人员数量,"[['研发人员数量', 0, '研发人员及研发费用表']]",,{v0},2,
['研发经费占总费用比例'],研发经费占总费用比例,"[['研发费用', '0', '合并利润表'], ['销售费用', '0', '合并利润表'], ['管理费用', '0', '合并利润表'], ['财务费用', '0', '合并利润表']]",,{v0}/({v0}+{v1}+{v2}+{v3}),2,
['研发经费占费用比例'],研发经费占费用比例,"[['研发费用', '0', '合并利润表'], ['销售费用', '0', '合并利润表'], ['管理费用', '0', '合并利润表'], ['财务费用', '0', '合并利润表']]",,{v0}/({v0}+{v1}+{v2}+{v3}),2,
['研发经费在总费用中比例'],研发经费在总费用中比例,"[['研发费用', '0', '合并利润表'], ['销售费用', '0', '合并利润表'], ['管理费用', '0', '合并利润表'], ['财务费用', '0', '合并利润表']]",,{v0}/({v0}+{v1}+{v2}+{v3}),2,研发费用/(销售费用+财务费用+管理费用+研发费用）
['研发经费与营业收入比值'],研发经费与营业收入比值,"[['研发费用', '0', '合并利润表'], ['营业收入', '0', '合并利润表']]",,{v0}/{v1},2,
['研发经费与利润比值'],研发经费与利润比值,"[['研发费用', '0', '合并利润表'], ['净利润', '0', '合并利润表']]",,{v0}/{v1},2,
"['研发费用增长率', '研发费用增长率', '研发支出增长率', '研发开销增长率', '研发花费增长率', '研发成本增长率', '研发投入增长率', '研发资金增长率', '研发经费增长率', '研发费用提升率', '研发财务增长率']",研发费用增长率,"[['研发费用', '0', '合并利润表'], ['研发费用', '1', '合并利润表']]",,({v0}-{v1})/{v1},2,研发费用增长率=(研发费用-上年研发费用)/上年研发费用，研发费用（合并利润表）
['吸收投资收到的现金'],吸收投资收到的现金,"[['吸收投资收到的现金', 0, '合并现金流量表']]",,{v0},2,
['吸收存款及同业存放'],吸收存款及同业存放,"[['吸收存款及同业存放', 0, '合并资产负债表']]",,{v0},2,
"['稀释每股收益', '稀释每股收益', '稀释后每股收益', '每股收益（稀释）', '触发稀释的每股收益', '经稀释的每股收益', '稀释计算的每股收益', '稀释态的每股收益', '经稀释后的每股收益', '稀释下的每股收益', '稀释式的每股收益']",稀释每股收益,"[['稀释每股收益', 0, '合并利润表']]",,{v0},2,
"['信用减值损失', '信用减值损失', '信用降值损失', '信用损失', '信用减损', '信用减值亏损', '信用减值的损失', '信用的减值损失', '信用亏损', '信用降级损失', '信用评级下降损失']",信用减值损失,"[['信用减值损失', 0, '合并利润表']]",,{v0},2,
['销售商品、提供劳务收到的现金'],销售商品、提供劳务收到的现金,"[['销售商品、提供劳务收到的现金', 0, '合并现金流量表']]",,{v0},2,
"['销售人员', '销售人员', '销售代表', '销售团队', '销售员工', '销售队伍', '营销人员', '销售专员', '销售人才', '销售工作人员', '业务员工']",销售人员,"[['销售人员', 0, '员工情况表']]",,{v0},2,
"['销售费用增长率', '销售费用增长率', '销售费用升高率', '销售开支增长率', '销售成本增长率', '销售用费增速', '销售费用增幅', '销售费用涨幅', '销售花费增长率', '销售开销增长率', '销售开支升高率']",销售费用增长率,"[['销售费用', '0', '合并利润表'], ['销售费用', '1', '合并利润表']]",,({v0}-{v1})/{v1},2,- 销售费用增长率=(销售费用-上年销售费用)/上年销售费用，销售费用（合并利润表）
"['销售费用', '销售费用', '销售开支', '销售成本', '销售支出', '销售花费', '销售费', '销售消耗', '销售支拨', '销售所需费用', '贩售成本']",销售费用,"[['销售费用', '0', '合并利润表']]",,{v0},2,
"['现金流量套期储备', '现金流量套期储备', '现金流量套期保值储备', '套期现金流量储备', '现金流量套期的储备', '现金流量备用金', '套期储备现金流', '现金流量套期防范储备', '套期现金储备', '现金流量套期准备金', '现金流的套期储备']",现金流量套期储备,"[['现金流量套期储备', 0, '合并利润表']]",,{v0},2,
['现金及现金等价物增长率'],现金及现金等价物增长率,"[['期末现金及现金等价物余额', '0', '合并现金流量表'], ['期末现金及现金等价物余额', '1', '合并现金流量表']]",,({v0}-{v1})/{v1},2,
"['现金及现金等价物余额', '期末现金及现金等价物余额']",期末现金及现金等价物余额,"[['期末现金及现金等价物余额', '0', '合并现金流量表']]",,{v0},2,期末现金及现金等价物余额
['现金及现金等价物净增加额'],现金及现金等价物净增加额,"[['现金及现金等价物净增加额', 0, '合并现金流量表']]",,{v0},2,
"['现金比率', '现金比率', '货币比价', '现金比值', '现金流比率', '现金流动比率', '现金率', '财务流动比率']",现金比率,"[['货币资金', '0', '合并资产负债表'], ['流动负债合计', '0', '合并资产负债表']]",,{v0}/{v1},2,
['向中央银行借款净增加额'],向中央银行借款净增加额,"[['向中央银行借款净增加额', 0, '合并现金流量表']]",,{v0},2,
"['向中央银行借款', '向中央银行借款', '从中央银行借贷', '向央行贷款', '从央行借款', '从中央金融机构获得贷款', '获得中央银行贷款', '借款于中央银行', '中央银行贷款', '中央银行的贷款', '借中央银行的款']",向中央银行借款,"[['向中央银行借款', 0, '合并资产负债表']]",,{v0},2,
['向其他金融机构拆入资金净增加额'],向其他金融机构拆入资金净增加额,"[['向其他金融机构拆入资金净增加额', 0, '合并现金流量表']]",,{v0},2,
"['无形资产增长率', '无形资产增长率', '无形资产扩大比例', '无形资产增幅', '无形资产增长比例', '无形资产扩张率', '无形资产增速', '无形资产增值率', '无形资产扩充率', '无形资产加速度', '无形资产扩大速度']",无形资产增长率,"[['无形资产', '0', '合并资产负债表'], ['无形资产', '1', '合并资产负债表']]",,({v0}-{v1})/{v1},2,
"['无形资产', '无形资产', '无形资本', '无形资源', '无形财产', '非实物资产', '不可触及资产', '非物质资产', '抽象资产', '隐形资产', '非实体资产']",无形资产,"[['无形资产', '0', '合并资产负债表']]",,{v0},2,
"['未分配利润', '未分配利润', '尚未分配利润', '未拨付利润', '未派发的利润', '没分配的利润', '利润未分配', '待分配利润', '未被分配的利润', '利润尚未分配', '未分发利润']",未分配利润,"[['未分配利润', 0, '合并资产负债表']]",,{v0},2,
['外文名称缩写'],外文名称缩写,"[['外文名称缩写', 0, '公司信息表']]",,{v0},2,
['外币财务报表折算差额'],外币财务报表折算差额,"[['外币财务报表折算差额', 0, '合并利润表']]",,{v0},2,
"['退保金', '退保金', '退还的保险金', '退款保险金额', '退款的保险金', '保单退款金额', '保险退费金额', '退保费用', '退回保险费', '退保金额', '保险退还金额']",退保金,"[['退保金', 0, '合并利润表']]",,{v0},2,
"['投资支付的现金', '投资支付的现金', '投资付款的现金', '投资支出的现金', '投资付出的现金', '投资下款的现金', '投资支付现金', '支付投资的现金', '现金投资支付', '偿付投资的现金', '现金用于投资支付']",投资支付的现金,"[['投资支付的现金', 0, '合并现金流量表']]",,{v0},2,
"['投资性房地产', '投资性房地产', '投资用房地产', '投资类房地产', '投资性房产', '投资用地产', '投资型房地产', '投资房地产资产', '投资类地产', '投资房地产物业', '投资用房产']",投资性房地产,"[['投资性房地产', 0, '合并资产负债表']]",,{v0},2,
"['投资收益占营业收入比例','投资收益占营业收入比率']",投资收益占营业收入比例,"[['投资收益', '0', '合并利润表'], ['营业收入', '0', '合并利润表']]",,{v0}/{v1},2,
"['投资收益增长率', '投资收益增长率', '投资盈利增长比例', '投资收益增幅', '投资回报增长率', '投资利润增长比', '投资益处增长水平', '投资所得增长率', '投资收益的提升比例', '投资收入增长率', '投资收益增长比率']",投资收益增长率,"[['投资收益', '0', '合并利润表'], ['投资收益', '1', '合并利润表']]",,({v0}-{v1})/{v1},2,
"['投资收益', '投资收益', '投资回报', '投资盈利', '投资获利', '投资所得', '投资的收益', '投资的回报', '利润收益', '投资的盈利', '投资的利润']",投资收益,"[['投资收益', '0', '合并利润表']]",,{v0},2,
['投资活动现金流入小计'],投资活动现金流入小计,"[['投资活动现金流入小计', 0, '合并现金流量表']]",,{v0},2,
['投资活动现金流出小计'],投资活动现金流出小计,"[['投资活动现金流出小计', 0, '合并现金流量表']]",,{v0},2,
['投资活动产生的现金流量净额'],投资活动产生的现金流量净额,"[['投资活动产生的现金流量净额', 0, '合并现金流量表']]",,{v0},2,
['投资活动产生的现金流量'],投资活动产生的现金流量,"[['投资活动产生的现金流量', 0, '合并现金流量表']]",,{v0},2,
['提取保险责任合同准备金净额'],提取保险责任合同准备金净额,"[['提取保险责任合同准备金净额', 0, '合并利润表']]",,{v0},2,
"['速动比率', '速动比率', '速动资产比率', '酸性测试比率', '速动流动比率','即期偿债能力比率', '速动负债比率', '速度比率', '偿债能力速动比率']",速动比率,"[['流动资产合计', '0', '合并资产负债表'], ['存货', '0', '合并资产负债表'], ['流动负债合计', '0', '合并资产负债表']]",,({v0}-{v1})/{v2},2,速动比率=(流动资产-存货)/流动负债，流动资产合计（合并资产负债表），存货（合并资产负债表），流动负债合计（合并资产负债表）
"['总所有者权益', '所有者的权益总和', '所有者权益', '权益总额', '股东权益合计', '股东权益总计', '股东权益', '所有者权益总计', '所有者权益总和', '所有者的净资产', '净资产', '股东权益总额', '股东权益总和', '所有者总权益', '总权益', '总股东权益', '权益总计', '所有者权益合计', '实有权益']",所有者权益,"[['所有者权益合计', 0, '合并资产负债表']]",,{v0},2,
"['所得税费用', '所得税费用', '所得税支出', '所得税开销', '应缴所得税', '应付所得税', '利润所得税', '支付的所得税', '计提的所得税', '预提所得税', '税后所得税']",所得税费用,"[['所得税费用', '0', '合并利润表']]",,{v0},2,
"['硕士员工', '硕士研究生员工', '硕士人数', '硕士', '研究生', '硕士研究生', '研究硕士', '硕士学位', '硕士学历', '硕士程度', '硕士资历', '硕士阶段', '硕士级别']",硕士,"[['硕士', '0', '员工情况表']]",,{v0},2,
['硕士及以上学历人员占职工人数比例'],硕士及以上学历人员占职工人数比例,"[['硕士', '0', '员工情况表'], ['博士', '0', '员工情况表'], ['在职员工的数量合计', '0', '员工情况表']]",,({v0}+{v1})/{v2},2,企业研发经费占费用比例=研发费用/(销售费用+财务费用+管理费用+研发费用
['硕士及以上人员占职工人数比例'],硕士及以上人员占职工人数比例,"[['硕士', '0', '员工情况表'], ['博士', '0', '员工情况表'], ['在职员工的数量合计', '0', '员工情况表']]",,({v0}+{v1})/{v2},2,企业硕士及以上人员占职工人数比例=(硕士人数 + 博士及以上人数)/职工总数
"['手续费及佣金支出', '手续费及佣金支出', '手续费与佣金支出', '支付的手续费和佣金', '支出的手续费及佣金', '支付的手续费及佣金费用', '手续费以及佣金支出', '手续和佣金的支出', '手续费佣金支出', '付出的手续费和佣金', '支付的手续及佣金费用']",手续费及佣金支出,"[['手续费及佣金支出', 0, '合并利润表']]",,{v0},2,
"['手续费及佣金收入', '手续费及佣金收入', '手续费与佣金收入', '手续费佣金收入', '手续及佣金收入', '收取的手续费及佣金', '手续费与佣金的收入', '佣金和手续费收入', '收入中的手续费及佣金', '手续费收入及佣金', '手续费收入与佣金']",手续费及佣金收入,"[['手续费及佣金收入', 0, '合并利润表']]",,{v0},2,
['收取利息、手续费及佣金的现金'],收取利息、手续费及佣金的现金,"[['收取利息、手续费及佣金的现金', 0, '合并现金流量表']]",,{v0},2,
"['收回投资现金', '收回投资所收到现金', '收回投资所获得现金', '收回投资所得现金', '收回投资所得到现金', '收回投资收到现金', '收回投资收到的现金', '收到投资收回现金', '收到投资回收现金']",收回投资收到的现金,"[['收回投资收到的现金', '0', '合并现金流量表']]",,{v0},2,
['收到再保业务现金净额'],收到再保业务现金净额,"[['收到再保业务现金净额', 0, '合并现金流量表']]",,{v0},2,
['收到原保险合同保费取得的现金'],收到原保险合同保费取得的现金,"[['收到原保险合同保费取得的现金', 0, '合并现金流量表']]",,{v0},2,
['收到其他与投资活动有关的现金'],收到其他与投资活动有关的现金,"[['收到其他与投资活动有关的现金', 0, '合并现金流量表']]",,{v0},2,
['收到其他与经营活动有关的现金'],收到其他与经营活动有关的现金,"[['收到其他与经营活动有关的现金', 0, '合并现金流量表']]",,{v0},2,
['收到其他与筹资活动有关的现金'],收到其他与筹资活动有关的现金,"[['收到其他与筹资活动有关的现金', 0, '合并现金流量表']]",,{v0},2,
"['收到的税费返还', '收到的税费返还', '收取的税费退回', '接收的税费返还', '获得的税费返还', '收入的税费返还', '得到的税费返还', '取得的税费返还', '税费收到的返还', '得到的税费退回', '接收的税费退款']",收到的税费返还,"[['收到的税费返还', 0, '合并现金流量表']]",,{v0},2,
"['使用权资产', '使用权资产', '使用权限资产', '用户权限资产', '授权资产', '使用许可资产', '授权利益资产', '使用权益资产', '获授权资产', '使用许可权资产', '持有使用权资产']",使用权资产,"[['使用权资产', 0, '合并资产负债表']]",,{v0},2,
"['生产性生物资产', '生产性生物资产', '生产生物财产', '生产性生物财产', '生产生物资产', '生产用生物资产', '生产类生物资产', '生产性生物价值', '生产性生物财富', '用于生产的生物资产', '生产用的生物财富']",生产性生物资产,"[['生产性生物资产', 0, '合并资产负债表']]",,{v0},2,
"['生产人员', '生产人员', '生产员工', '制造人员', '生产队伍', '生产工人', '生产部门人员', '制造员工', '生产线人员', '工厂人员', '生产工作人员']",生产人员,"[['生产人员', 0, '员工情况表']]",,{v0},2,
"['少数股东损益', '少数股东损益', '少数股东的损益', '少数股东盈余', '少数股权持有者损益', '少数投资者损益', '少数股东的盈亏', '非主要股东损益', '非控股股东损益', '非主体股东的收益', '非主股东的损益']",少数股东损益,"[['少数股东损益', 0, '合并利润表']]",,{v0},2,
"['少数股东权益', '少数股东权益', '少数股东投资', '少数股权', '少数权益', '较小股东权益', '非主要股东权益', '非控股股东权益', '次要股东权益', '次要股东投资', '较小股东投资']",少数股东权益,"[['少数股东权益', 0, '合并资产负债表']]",,{v0},2,
"['商誉', '商誉', '商誉值', '无形资产商誉', '企业商誉', '商誉计量', '商誉的净值', '净商誉值', '商誉总值', '会计商誉', '总商誉']",商誉,"[['商誉', 0, '合并资产负债表']]",,{v0},2,
"['三费比重', '三费比重', '销售费用、管理费用和财务费用比重', '三项费用比重', '三大费用比重', '费用比重', '销售、管理和财务费用比重', '三费占比', '销售管理和财务三项费用比重', '三大费用占比', '销售、管理、财务费用比重']",三费比重,"[['营业收入', '0', '合并利润表'], ['销售费用', '0', '合并利润表'], ['财务费用', '0', '合并利润表'], ['管理费用', '0', '合并利润表']]",,({v1}+{v2}+{v3})/{v0},2,
['取得子公司及其他营业单位支付的现金净额'],取得子公司及其他营业单位支付的现金净额,"[['取得子公司及其他营业单位支付的现金净额', 0, '合并现金流量表']]",,{v0},2,
['取得投资收益收到的现金'],取得投资收益收到的现金,"[['取得投资收益收到的现金', 0, '合并现金流量表']]",,{v0},2,
['取得借款收到的现金'],取得借款收到的现金,"[['取得借款收到的现金', 0, '合并现金流量表']]",,{v0},2,
['权益法下可转损益的其他综合收益'],权益法下可转损益的其他综合收益,"[['权益法下可转损益的其他综合收益', 0, '合并利润表']]",,{v0},2,
['权益法下不能转损益的其他综合收益'],权益法下不能转损益的其他综合收益,"[['权益法下不能转损益的其他综合收益', 0, '合并利润表']]",,{v0},2,
['企业自身信用风险公允价值变动'],企业自身信用风险公允价值变动,"[['企业自身信用风险公允价值变动', 0, '合并利润表']]",,{v0},2,
['其他综合收益的税后净额'],其他综合收益的税后净额,"[['其他综合收益的税后净额', 0, '合并利润表']]",,{v0},2,
"['其他综合收益', '其他综合收益', '其他全面收益', '其他非经常性收益', '其它综合收益', '其他类别的综合收益', '其它类型的综合收益', '其他类别的全面收益', '其它类型的全面收益', '其他种类的全面收益', '其它种类的全面收益']",其他综合收益,"[['其他综合收益', 0, '合并资产负债表']]",,{v0},2,
['其他债权投资信用减值准备'],其他债权投资信用减值准备,"[['其他债权投资信用减值准备', 0, '合并利润表']]",,{v0},2,
['其他债权投资公允价值变动'],其他债权投资公允价值变动,"[['其他债权投资公允价值变动', 0, '合并利润表']]",,{v0},2,
"['其他债权投资', '其他债权投资', '其它债权投资', '其他债权性投资', '其他的债权投资', '别的债权投资', '另外的债权投资', '剩余的债权投资', '其余债权投资', '其他形式债权投资', '其它形式的债权投资']",其他债权投资,"[['其他债权投资', 0, '合并资产负债表']]",,{v0},2,
"['其他应收款', '其他应收款', '其他待收款项', '其他需收款项', '其他待收金额', '其他应收金额', '其它应收款', '其他应收款项', '其他待收应收款', '其他待收入账款', '其他应取款项']",其他应收款,"[['其他应收款', 0, '合并资产负债表']]",,{v0},2,
"['其他应付款', '其他应付款', '其他待付款项', '其他应付金额', '其他待偿付款', '其他应偿款项', '其他待支付款项', '其他应付资金', '其他应归还款项', '其他应付的款项', '其他应支付款项']",其他应付款,"[['其他应付款', 0, '合并资产负债表']]",,{v0},2,
['其他权益工具投资公允价值变动'],其他权益工具投资公允价值变动,"[['其他权益工具投资公允价值变动', 0, '合并利润表']]",,{v0},2,
"['其他权益工具投资', '其他权益工具投资', '其他股权工具投资', '其他权益投资工具', '其他权利投资工具', '其他资产权益投资', '其他权益类工具投资', '其他权益相关工具投资', '其他权益工具类投资', '其他权益投资种类', '其他权益工具的投资']",其他权益工具投资,"[['其他权益工具投资', 0, '合并资产负债表']]",,{v0},2,
"['其他权益工具', '其他权益工具', '其他资产工具', '其他股权工具', '其他财产工具', '其他利益工具', '其它权益工具', '其他权益设备', '其它权益设备', '其它权益仪器', '其他权益仪器']",其他权益工具,"[['其他权益工具', 0, '合并资产负债表']]",,{v0},2,
"['其他流动资产', '其他流动资产', '其它短期资产', '其他短期资产', '其他流动性资产', '其它流动资产', '其他可变现资产', '其他短期可变现资产', '其他可流动资产', '其他即期资产', '其他流通资产']",其他流动资产,"[['其他流动资产', 0, '合并资产负债表']]",,{v0},2,
"['其他流动负债', '其他流动负债', '其它短期债务', '其他短期债务', '其他短期负债', '其他流动债务', '其它流动负债', '其他类流动负债', '其他相关流动负债', '其它相关流动负债', '其他类型流动负债']",其他流动负债,"[['其他流动负债', 0, '合并资产负债表']]",,{v0},2,
"['其他非流动资产', '其他非流动资产', '其他长期资产', '其他非流动财产', '长期非流动资产', '其他非流动财物', '其他长期非流动资产', '其他非流动性资产', '非流动资产其它', '非流动性其它资产', '其他长期非流性资产']",其他非流动资产,"[['其他非流动资产', 0, '合并资产负债表']]",,{v0},2,
['其他非流动金融资产'],其他非流动金融资产,"[['其他非流动金融资产', '0', '合并资产负债表']]",,{v0},2,
"['其他非流动负债', '其他非流动负债', '其他长期负债', '其它长期负债', '其他非流动性负债', '其他非流动性债务', '其他非短期负债', '其他长期债务', '其他非短期债务', '非流动性其他负债', '其它非流动性负债']",其他非流动负债,"[['其他非流动负债', 0, '合并资产负债表']]",,{v0},2,
"['其他', '其他', '其他等项', '其他相关', '其他方面', '其他项目', '其他类型', '其他模块', '其他部分', '其他类别', '其他内容']",其他,"[['其他', 0, '合并利润表']]",,{v0},2,
"['赔付支出净额', '赔付支出净额', '赔偿支出净额', '赔付净支出', '赔偿净支出', '净赔付支出', '净赔偿支出', '赔款支出净额', '净额赔付支出', '净额赔偿支出', '赔偿支出清算额']",赔付支出净额,"[['赔付支出净额', 0, '合并利润表']]",,{v0},2,
['母公司在职员工的数量'],母公司在职员工的数量,"[['母公司在职员工的数量', 0, '员工情况表']]",,{v0},2,
['母公司及主要子公司需承担费用的离退休职工人数'],母公司及主要子公司需承担费用的离退休职工人数,"[['母公司及主要子公司需承担费用的离退休职工人数', 0, '员工情况表']]",,{v0},2,
"[ '基本每股收益', '基本每股收益', '每股基本收益', '基础每股收益', '基本利润每股', '每股基本利润', '每股初级收益', '初级每股收益', '每股根本收益', '基本每份收益', '每份基本收益']",基本每股收益,"[['基本每股收益', '0', '合并利润表']]",,{v0},2,
"['每股收益', '每股收益', '每股盈利', '每股利润', '每股利益', '每股收入', '每股赚取', '每股所得', '单股收益', '每股获利', '每股净利']",每股收益,"[['每股收益', 0, '合并利润表']]",,{v0},2,
"['每股净资产', '每股净资产', '每股资产净值', '每股纯资产', '每份净资产', '每份资产净值', '每股细资产', '每股资本净值', '每股清算净值', '每股清洗资产', '每份清算资产']",每股净资产,"[['资产总计', '0', '合并资产负债表'], ['负债合计', '0', '合并资产负债表'], ['股本', '0', '合并资产负债表']]",,({v0}-{v1})/{v2},2,待研究
"['每股经营现金流量', '每股经营现金流量', '每股运营现金流量', '每股经营活动现金流量', '每股现金流', '每股业务现金流', '每股经营资金流量', '每股经营活动的现金流量', '每股经营现金流动', '每股产生的经营现金流', '每股生意现金流量']",每股经营现金流量,"[['经营活动产生的现金流量净额', '0', '合并现金流量表'], ['股本', '0', '合并资产负债表']]",,{v0}/{v1},2,每股经营现金流量 = 经营活动产生的现金流量净额 / 股本 | 似乎需要两个表
"['毛利率', '毛利率', '毛利率水平', '毛利水平', '毛利比例', '毛利率比例', '销售毛利率', '产品毛利率', '营业毛利率', '毛利收益率', '毛利率指标']",毛利率,"[['营业收入', '0', '合并利润表'], ['营业成本', '0', '合并利润表']]",,({v0}-{v1})/{v0},2," 毛利率=(营业收入-营业成本)/营业收入，营业成本（合并利润表），营业收入(合并利润表)"
"['买入返售金融资产', '买入返售金融资产', '购入返售金融资产', '购买返售金融资产', '买进返售金融资产', '返售金融资产购入', '买入的返售金融资产', '购买的返售金融资产', '买入待售金融资产', '购入待售金融资产', '买入返售的金融资产']",买入返售金融资产,"[['买入返售金融资产', 0, '合并资产负债表']]",,{v0},2,
['卖出回购金融资产款'],卖出回购金融资产款,"[['卖出回购金融资产款', 0, '合并资产负债表']]",,{v0},2,
"['利息收入', '利息收入', '利息所得', '债权利息收益', '贷款利息收入', '息收入', '债券利息收益', '利息获利', '利息的回报', '收取的利息', '收入来源于利息']",利息收入,"[['利息收入', 0, '合并利润表']]",,{v0},2,
"['需要支付的利息', '所需支付的利息', '利息支付', '贷款付息', '利息支出', '期间发生的利息支出', '利息开支', '借款利息', '贷款利息支出', '支付的利息', '支出利息', '期末支付的利息', '利息费用', '行贷利息', '付出的利息', '利息支付总额', '一年的利息支出', '贷款利息费用']",利息费用,"[['利息费用', 0, '合并利润表']]",,{v0},2,
"['利润总额', '利润总额', '总利润', '全部利润', '收益总额', '总收益', '盈利总额', '总盈利', '利润总和']",利润总额,"[['利润总额', '0', '合并利润表']]",,{v0},2,
"['流动资产汇总', '流动性资产', '现金流资产', '流动资产总计', '易动资产', '可动用资产', '短期可变现资产', '流动资产总额', '动态资产', '流转资产', '流动资产的合计', '流动资产的总计', '短期资产', '流动资产总值', '流动资产', '流动资产总量', '短期可用资产', '全部流动资产', '合计流动资产', '流动资产合计', '流动资产的总和']",流动资产合计,"[['流动资产合计', 0, '合并资产负债表']]",,{v0},2,
"['流动负债增长率', '流动负债增长率', '流动负债涨幅', '流动负债上涨率', '流动负债的增长速度', '流动负债的提升率', '流动性负债增速', '流动性债务增长比率', '短期负债增长率', '短期债务增长速度', '短期应付款增长比例']",流动负债增长率,"[['流动负债合计', '0', '合并资产负债表'], ['流动负债合计', '1', '合并资产负债表']]",,({v0}-{v1})/{v1},2,
"['流动负债合计', '汇总流动负债', '流动负债汇总', '全体流动负债', '流动负债总计', '合计流动负债', '流动负债总和', '流动负债总量', '流动负债总额', '全部流动负债', '流动负债总数','流动负债']",流动负债合计,"[['流动负债合计', 0, '合并资产负债表']]",,{v0},2,
"['流动负债比率', '流动负债比率', '流动负债占比', '短期负债比例', '流动负债比例', '短期债务比率', '流动负担比率', '短期借款比例', '流动性负债比率', '流动性债务比率', '短期负债占比']",流动负债比率,"[['流动负债合计', '0', '合并资产负债表'], ['负债合计', '0', '合并资产负债表']]",,{v0}/{v1},2,
"['流动比率', '流动比率', '流动资产比率', '短期偿债能力', '短期负债比率','短期偿债率', '流动资产流动负债比率', '短期偿债比率']",流动比率,"[['流动资产合计', '0', '合并资产负债表'], ['流动负债合计', '0', '合并资产负债表']]",,{v0}/{v1},2,
['客户贷款及垫款净增加额'],客户贷款及垫款净增加额,"[['客户贷款及垫款净增加额', 0, '合并现金流量表']]",,{v0},2,
['客户存款和同业存放款项净增加额'],客户存款和同业存放款项净增加额,"[['客户存款和同业存放款项净增加额', 0, '合并现金流量表']]",,{v0},2,
['可供出售金融资产公允价值变动损益'],可供出售金融资产公允价值变动损益,"[['可供出售金融资产公允价值变动损益', 0, '合并利润表']]",,{v0},2,
"['可供出售金融资产', '可供出售金融资产', '待售金融资产', '预售金融资产', '销售在即的金融资产', '可售金融资产', '将要销售的金融资产', '未来要销售的金融资产', '计划销售的金融资产', '意图销售的金融资产', '能够销售的金融资产']",可供出售金融资产,"[['可供出售金融资产', 0, '合并资产负债表']]",,{v0},2,
"['开发支出', '开发支出', '开发花费', '开发费用', '研发花费', '开发投入', '开发开支', '研发开支']",开发支出,"[['开发支出', 0, '合并资产负债表']]",,{v0},2,
['金融资产重分类计入其他综合收益的金额'],金融资产重分类计入其他综合收益的金额,"[['金融资产重分类计入其他综合收益的金额', 0, '合并利润表']]",,{v0},2,
['经营活动现金流入小计'],经营活动现金流入小计,"[['经营活动现金流入小计', 0, '合并现金流量表']]",,{v0},2,
['经营活动现金流出小计'],经营活动现金流出小计,"[['经营活动现金流出小计', 0, '合并现金流量表']]",,{v0},2,
['经营活动产生的现金流量净额'],经营活动产生的现金流量净额,"[['经营活动产生的现金流量净额', 0, '合并现金流量表']]",,{v0},2,
['经营活动产生的现金流量'],经营活动产生的现金流量,"[['经营活动产生的现金流量', 0, '合并现金流量表']]",,{v0},2,
"['净利润增长率', '净利润增长率', '净利润增速', '净利润增长百分比', '净利润增长比率', '纯利润增长率', '纯收益增长率', '净益增长率', '纯利润增速', '净黏润增长速率', '净收益增长率']",净利润增长率,"[['净利润', '0', '合并利润表'], ['净利润', '1', '合并利润表']]",,({v0}-{v1})/{v1},2,净利润增长率=(净利润-上年净利润)/上年净利润
"['净利润率', '净利润率', '纯利润率', '净赚率', '净盈利率', '净收益率', '纯收益率', '利润比率', '盈利比率', '收益比率', '赚钱比率']",净利润率,"[['净利润', '0', '合并利润表'], ['营业收入', '0', '合并利润表']]",,{v0}/{v1},2,利润率=净利润/营业收入
"['净利润', '净利润', '纯利润', '净赚', '净收益', '净益', '净赚取', '净收入', '清洁利润', '纯收入', '纯收益']",净利润,"[['净利润', '0', '合并利润表']]",,{v0},2,
"['净敞口套期收益', '净敞口套期收益', '净敞口套期益收', '纯敞口套期收益', '纯净敞口套期收益', '敞口净套期收益', '净套期敞口收益', '敞口套期净收益', '套期敞口净收益', '敞口套期收益净', '净收益套期敞口']",净敞口套期收益,"[['净敞口套期收益', 0, '合并利润表']]",,{v0},2,
"['结算备付金', '结算备付金', '备付资金', '结算金额备付', '备付结算资金', '系统备付金', '备付结算金', '预备结算金', '清算备付金', '交易备付金', '备付结算款']",结算备付金,"[['结算备付金', 0, '合并资产负债表']]",,{v0},2,
"['加其他收益', '加其他收益', '加其它利润', '包括其他收益', '增加其他收益', '加上其他利润', '含其他收入', '并入其他收益', '计入其他收益', '以及其他收益', '包含其他收益']",加其他收益,"[['加其他收益', 0, '合并利润表']]",,{v0},2,
['加期初现金及现金等价物余额'],加期初现金及现金等价物余额,"[['加期初现金及现金等价物余额', 0, '合并现金流量表']]",,{v0},2,
"['教育程度类别', '教育程度类别', '教育背景类别', '学历类别', '教育等级类别', '学历级别', '教育水平类别', '学习程度类别', '学历种类', '教育资格类别', '学习进度类别']",教育程度类别,"[['教育程度类别', 0, '员工情况表']]",,{v0},2,
"['教育程度', '教育程度', '教育背景', '学历层次', '教育层次', '学历背景', '学历等级', '教育等级', '学历程度', '教育资历', '学历资历']",教育程度,"[['教育程度', 0, '员工情况表']]",,{v0},2,
"['交易性金融资产', '交易性金融资产', '交易形式金融资产', '交易性财务资产', '交易性的金融资产', '交易型金融资产', '金融交易资产', '金融投资交易资产', '金融资产交易', '交易级金融资产', '交易金融资产']",交易性金融资产,"[['交易性金融资产', 0, '合并资产负债表']]",,{v0},2,
"['交易性金融负债', '交易性金融负债', '交易性财务负债', '交易性的金融负责', '需要交易的金融负债', '负责交易的金融债务', '交易性金融负责的数量', '交易性金融债务', '金融负债交易', '负债交易性', '交易性负债金融']",交易性金融负债,"[['交易性金融负债', 0, '合并资产负债表']]",,{v0},2,
"['减所得税费用', '减所得税费用', '减去所得税费用', '扣除所得税费用', '减除所得税费用', '抵扣所得税费用', '扣掉所得税费用', '去除所得税费用', '扣减所得税费用', '减掉所得税费用', '减免所得税费用']",减所得税费用,"[['减所得税费用', 0, '合并利润表']]",,{v0},2,
"['减库存股', '减库存股', '减少库存股', '减掉库存股', '减少的库存股', '削减库存股', '扣除库存股', '减去库存股', '减低库存股', '去掉库存股', '减轻库存股']",减库存股,"[['减库存股', 0, '合并资产负债表']]",,{v0},2,
['将重分类进损益的其他综合收益'],将重分类进损益的其他综合收益,"[['将重分类进损益的其他综合收益', 0, '合并利润表']]",,{v0},2,
"['货币总额', '货币资金', '货币资金', '现金资产', '现金及等价物', '现金及其等价物', '现金资源', '现金和等价物', '现金资本', '现金及等价资产', '可动用资金']",货币资金,"[['货币资金', '0', '合并资产负债表']]",,{v0},2,
"['货币资金增长率', '货币资金展增速度', '货币资金增长百分率', '货币资金增值率', '货币资金增长比例', '货币资金提升率', '货币资金升高率', '货币资金上升率', '货币资金扩大率', '货币资金加速率', '货币资金增进率']",货币资金增长率,"[['货币资金', '0', '合并资产负债表'], ['货币资金', '1', '合并资产负债表']]",,({v0}-{v1})/{v1},2,
['汇率变动对现金及现金等价物的影响'],汇率变动对现金及现金等价物的影响,"[['汇率变动对现金及现金等价物的影响', 0, '合并现金流量表']]",,{v0},2,
['回购业务资金净增加额'],回购业务资金净增加额,"[['回购业务资金净增加额', 0, '合并现金流量表']]",,{v0},2,
"['汇兑收益', '汇兑收益', '汇兑盈利', '汇兑利益', '汇兑收入', '外汇兑换收益', '外汇兑换收入', '汇率兑换收益', '兑换税收益', '兑汇收益', '汇兑所得']",汇兑收益,"[['汇兑收益', 0, '合并利润表']]",,{v0},2,
"['合同资产', '合同资产', '协议资产', '签约资产', '合约资产', '契约资产', '合同所得资产', '合同形成资产', '合同产生资产', '根据合同的资产', '根据协议的资产']",合同资产,"[['合同资产', 0, '合并资产负债表']]",,{v0},2,
"['合同负债', '合同负债', '合约负债', '签订合同的债务', '合同性质的债务', '合同产生的负债', '合同引发的债务', '合同所致负债', '合同形成的债务', '根据合同产生的负债', '合同决定的债务']",合同负债,"[['合同负债', 0, '合并资产负债表']]",,{v0},2,
"['行政人员', '行政人员', '行政工作人员', '行政员工', '行政部门员工', '行政人士', '行政工作人机', '行政职员', '行政部门职员', '管理人员', '行政管理人员']",行政人员,"[['行政人员', 0, '员工情况表']]",,{v0},2,
"['固定资产增长率', '固定资产增长率', '固定资产的增值率', '固定财产扩张率', '固定资产的扩大比例', '固定资产的提升率', '资产固定的增长比例', '固定性财产的增值比率', '固定资本的扩大率', '固定资产的升高率', '固定资金增值率']",固定资产增长率,"[['固定资产', '0', '合并资产负债表'], ['固定资产', '1', '合并资产负债表']]",,({v0}-{v1})/{v1},2,
"['固定资产', '固定资产', '不动产', '实物资产', '持久资产', '固定物资', '长期使用资产', '实物固定资产', '固定资本', '固定财产']",固定资产,"[['固定资产', '0', '合并资产负债表']]",,{v0},2,
"['股本', '股本', '股权本金', '股份本金', '注册资本', '股权资本', '发行股本', '出资本金', '股份资本', '实收资本']",股本,"[['股本', 0, '合并资产负债表']]",,{v0},2,
['归属于少数股东的综合收益总额'],归属于少数股东的综合收益总额,"[['归属于少数股东的综合收益总额', 0, '合并利润表']]",,{v0},2,
['归属于少数股东的其他综合收益的税后净额'],归属于少数股东的其他综合收益的税后净额,"[['归属于少数股东的其他综合收益的税后净额', 0, '合并利润表']]",,{v0},2,
"['归属于母公司所有者权益合计', '归属于母公司所有者权益']",归属于母公司所有者权益合计,"[['归属于母公司所有者权益合计', 0, '合并资产负债表']]",,{v0},2,
['归属于母公司所有者的综合收益总额'],归属于母公司所有者的综合收益总额,"[['归属于母公司所有者的综合收益总额', 0, '合并利润表']]",,{v0},2,
['归属于母公司所有者的净利润'],归属于母公司所有者的净利润,"[['归属于母公司所有者的净利润', 0, '合并利润表']]",,{v0},2,
['归属母公司所有者的其他综合收益的税后净额'],归属母公司所有者的其他综合收益的税后净额,"[['归属母公司所有者的其他综合收益的税后净额', 0, '合并利润表']]",,{v0},2,
"['管理费用增长率', '管理费用增长比例', '管理费用提升率', '管理成本增长比例', '管理开支增长率', '管理成本增长率', '管理费用增速', '管理开支增速', '管理成本增速', '管理费用的增长趋势', '管理费用增长的百分比']",管理费用增长率,"[['管理费用', '0', '合并利润表'], ['管理费用', '1', '合并利润表']]",,({v0}-{v1})/{v1},2,- 管理费用增长率=(管理费用-上年管理费用)/上年管理费用，管理费用（合并利润表）
"['管理费用率', '管理费用比例', '管理成本率', '管理开支率', '管理费率', '经营费用比率', '管理开支比例', '管理花费比份', '经营支出比例', '管理费用百分比']",管理费用率,"[['管理费用', '0', '合并利润表'], ['营业收入', '0', '合并利润表']]",,{v0}/{v1},2,- 管理费用率=管理费用/营业收入，管理费用（合并利润表），营业收入(合并利润表)
"['管理费用', '管理费用', '管理开销', '管理成本', '管理支出', '管理用费', '运营费用', '营运费用', '经营费用', '管理消耗', '管理支费']",管理费用,"[['管理费用', '0', '合并利润表']]",,{v0},2,
"['机构的中文名', '公司名称', '公司的中文全称', '商会的中文名', '注册名称', '公司全名', '机构名称', '法定名称', '单位名称', '企业名称', '公司的中文名', '登记名称', '集团的中文名字', '企业全名', '组织的中文名称', '官方注册名称', '注册全名', '公司中文名称', '商会中文名称', '集团中文称呼', '企业中文名']",中文名称,"[['中文名称', '0', '公司信息表']]",,{v0},2,
"['公司国际互联网网址', '公司网站地址', '网上地址', '公司在线地址', '网络链接', '电子链接', '公司互联网地址', '电子地址', '公司主页', '互联网链接', '公司官网', '官方网站', '互联网地址', '公司网址', '网站地址', '企业网址', 'URL', '网络地址', '网址', '网页地址', '企业网站']",网址,"[['网址', '0', '公司信息表']]",,{v0},2,
['购买商品、接受劳务支付的现金'],购买商品、接受劳务支付的现金,"[['购买商品、接受劳务支付的现金', 0, '合并现金流量表']]",,{v0},2,
['购建固定资产、无形资产和其他长期资产支付的现金'],购建固定资产、无形资产和其他长期资产支付的现金,"[['购建固定资产、无形资产和其他长期资产支付的现金', 0, '合并现金流量表']]",,{v0},2,
"['公允价值变动收益', '公允价值变动收益', '公允价值变化收益', '公允价值变动益收', '公允价值变动利得', '公允价值变动益利', '公平价值变动收益', '公允值变动收益', '合理价值变动收益', '公允定价变动收益', '公允价值变更收益']",公允价值变动收益,"[['公允价值变动收益', '0', '合并利润表']]",,{v0},2,
['负债和所有者权益总计'],负债和所有者权益总计,"[['负债和所有者权益总计', 0, '合并资产负债表']]",,{v0},2,
['分配股利、利润或偿付利息支付的现金'],分配股利、利润或偿付利息支付的现金,"[['分配股利、利润或偿付利息支付的现金', 0, '合并现金流量表']]",,{v0},2,
"['分保费用', '分保费用', '分保的费用', '分配保险费用', '分配的保险费用', '分配给保险的费用', '保险分保费用', '费用分保', '分保的负责', '分保的开销', '分保成本']",分保费用,"[['分保费用', 0, '合并利润表']]",,{v0},2,
"['长期资产', '非流动资源', '非流动资产总的数量', '长期持有资产', '非流动资产总数', '长期投资', '非流动财产', '非流动资产总计', '非流动资产合计数', '非流动资产总量', '长期物资', '长期财产', '非流动资产', '非流动资产的总值', '非流动物资', '非流动资产总额', '非流动资产的合计值', '非流动资产总价值', '非流动资产合计']",非流动资产合计,"[['非流动资产合计', 0, '合并资产负债表']]",,{v0},2,
"['长期性负债', '非短期负债', '非流动性负债', '长期债务', '非流动性债务', '非流动负债合计', '非流动负债', '合计的非流动负债', '长期性债务', '非流动负债汇总', '非流动负债总和', '非流动负债总计', '非流动债务', '非流动性负债合计', '非流动负债合算', '总计非流动负债', '总非流动负债', '全部非流动负债']",非流动负债合计,"[['非流动负债合计', 0, '合并资产负债表']]",,{v0},2,
"['非流动负债比率', '非流动负债比率', '非流动性负债比例', '长期负债比率', '长期债务比例', '非流动负债占比', '长期负债占比', '固定负债比率', '长期债务占比', '固定负债占比', '非流动性债务比例']",非流动负债比率,"[['非流动负债合计', '0', '合并资产负债表'], ['负债合计', '0', '合并资产负债表']]",,{v0}/{v1},2,非流动负债比率=非流动负债/总负债，非流动资产合计（合并资产负债表），负债合计（合并资产负债表）
"['发放贷款和垫款', '发放贷款和垫款', '贷款和垫款发放', '贷款及垫款发放', '发给贷款和垫款', '贷款与垫款发放', '给予贷款和垫款', '贷款和垫款给予', '提供贷款和垫款', '发放的贷款和垫款', '放出贷款和垫款']",发放贷款和垫款,"[['发放贷款和垫款', 0, '合并资产负债表']]",,{v0},2,
"['法定代表人', '公司法定代表人', '企业法定代表人', '单位法定代表人', '法人代表', '法定代表', '公司主要负责人', '公司负责人', '公司代表人', '法人代表人', '公司的法人']",法定代表人,"[['法定代表人', '0', '公司信息表']]",,{v0},2,
"['对联营企业和合营企业投资收益', '对联营企业和合营企业的投资收益']",对联营企业和合营企业的投资收益,"[['对联营企业和合营企业的投资收益', '0', '合并利润表']]",,{v0},2,
"['短期借款', '短期借款', '短期贷款', '短期借贷', '短期贷款金额', '短期借贷额', '短期融资', '短期贷债', '暂时借款', '临时借款']",短期借款,"[['短期借款', 0, '合并资产负债表']]",,{v0},2,
"['递延所得税资产', '递延所得税资产', '推迟所得税资产', '延期所得税资产', '递延的所得税资产', '所得税递延资产', '推后所得税资产', '延缓所得税资产', '待支付所得税资产', '延后所得税资产', '递延应纳税款资产']",递延所得税资产,"[['递延所得税资产', 0, '合并资产负债表']]",,{v0},2,
"['递延所得税负债', '递延所得税负债', '延迟所得税债务', '递延收入所得税负债', '所得税递延负债', '税收递延负债', '递延税务负债', '递延的所得税负债', '递延纳税负债', '递延税收负债', '所得税的递延负债']",递延所得税负债,"[['递延所得税负债', 0, '合并资产负债表']]",,{v0},2,
"['递延收益', '递延收益', '延迟收益', '延期收益', '递延收入', '递延营收', '推迟收益', '推迟收入', '延后收益', '延后收入', '推后收益']",递延收益,"[['递延收益', 0, '合并资产负债表']]",,{v0},2,
"['电子邮箱', '电子信箱', '电子邮箱', '邮箱地址', '电子通信号', '电子通信地址', '邮件账号', '接收邮件地址', '电子邮件账户', '电子邮件信箱', '邮件地址', '邮件信箱']",电子信箱,"[['电子信箱', '0', '公司信息表']]",,{v0},2,
['当期领取薪酬员工总人数'],当期领取薪酬员工总人数,"[['当期领取薪酬员工总人数', 0, '员工情况表']]",,{v0},2,
['代理买卖证券收到的现金净额'],代理买卖证券收到的现金净额,"[['代理买卖证券收到的现金净额', 0, '合并现金流量表']]",,{v0},2,
"['代理买卖证券款', '代理买卖证券款', '代理交易证券款', '代理证券买卖款', '证券买卖代理款', '证券交易代理款', '代理购置证券款', '代理买入卖出证券款', '代理证券交易款', '代理证券购买销售款', '证券代理交易款']",代理买卖证券款,"[['代理买卖证券款', 0, '合并资产负债表']]",,{v0},2,
"['代理承销证券款', '代理承销证券款', '代理销售的证券款', '代理销售证券款项', '证券销售款', '代理销售证券的款项', '证券承销的款项', '代理证券承销款项', '证券代理承销款', '承销证券的款项', '代理证券款']",代理承销证券款,"[['代理承销证券款', 0, '合并资产负债表']]",,{v0},2,
"['存货', '存货', '库存货物', '在库存货', '存储的货物', '仓储货物', '存放的货品', '库存物品', '库内存货', '库存商品', '现存的商品']",存货,"[['存货', 0, '合并资产负债表']]",,{v0},2,
['存放中央银行和同业款项净增加额'],存放中央银行和同业款项净增加额,"[['存放中央银行和同业款项净增加额', 0, '合并现金流量表']]",,{v0},2,
['处置子公司及其他营业单位收到的现金净额'],处置子公司及其他营业单位收到的现金净额,"[['处置子公司及其他营业单位收到的现金净额', 0, '合并现金流量表']]",,{v0},2,
['处置固定资产、无形资产和其他长期资产收回的现金净额'],处置固定资产、无形资产和其他长期资产收回的现金净额,"[['处置固定资产、无形资产和其他长期资产收回的现金净额', 0, '合并现金流量表']]",,{v0},2,
['筹资活动现金流入小计'],筹资活动现金流入小计,"[['筹资活动现金流入小计', 0, '合并现金流量表']]",,{v0},2,
['筹资活动现金流出小计'],筹资活动现金流出小计,"[['筹资活动现金流出小计', 0, '合并现金流量表']]",,{v0},2,
['筹资活动产生的现金流量净额'],筹资活动产生的现金流量净额,"[['筹资活动产生的现金流量净额', 0, '合并现金流量表']]",,{v0},2,
['筹资活动产生的现金流量'],筹资活动产生的现金流量,"[['筹资活动产生的现金流量', 0, '合并现金流量表']]",,{v0},2,
['持有至到期投资重分类为可供出售金融资产损益'],持有至到期投资重分类为可供出售金融资产损益,"[['持有至到期投资重分类为可供出售金融资产损益', 0, '合并利润表']]",,{v0},2,
"['持有至到期投资', '持有至到期投资', '拥有到期日期的投资', '至到期日期的投资', '持有至终止日期投资', '拥有至终结日的投资', '至终止的投资', '持有至到期日的投资', '持有直到投资到期', '打算长期持有的投资', '准备持有到期的投资']",持有至到期投资,"[['持有至到期投资', 0, '合并资产负债表']]",,{v0},2,
"['持有待售资产', '持有待售资产', '待出售资产', '待处理资产', '待售出资产', '延后出售资产', '待转让资产', '待交易资产', '预售资产', '即将出售资产', '拟售资产']",持有待售资产,"[['持有待售资产', 0, '合并资产负债表']]",,{v0},2,
"['持有待售负债', '持有待售负债', '待售负债持有', '待出售负债', '待销售的负债', '已拥有待售负债', '具有待售负债', '持有的待售负债', '持有待出售负债', '持有待销售负债', '拥有的待售负债']",持有待售负债,"[['持有待售负债', 0, '合并资产负债表']]",,{v0},2,
"['持续经营净利润', '持续经营净利润', '持续运营净利润', '持续经营纯利', '持续经营纯益', '持续运营纯益', '持续经营清利', '持续经营净益', '持续营业净利', '持续运作净利润', '持续经营利润总额']",持续经营净利润,"[['持续经营净利润', 0, '合并利润表']]",,{v0},2,
"['长期应收款', '长期应收款', '长时间应收款项', '长期未收款项', '长期债权', '长期收款', '长期应收账款', '长期应收债权', '应收长期款项', '长期应收的款项']",长期应收款,"[['长期应收款', 0, '合并资产负债表']]",,{v0},2,
"['长期应付职工薪酬', '长期应付职工薪酬', '长期需支付职工薪酬', '长期应给予职工薪酬', '长期应支付员工工资', '长期应付员工工资', '长期需给职工薪酬', '长期应赔偿职工薪酬', '长期应付职工报酬', '长期应付员工薪资', '长期需赔偿职工工资']",长期应付职工薪酬,"[['长期应付职工薪酬', 0, '合并资产负债表']]",,{v0},2,
"['长期应付款', '长期应付款', '长期待付款项', '长期未付款项','长期偿付款项', '长期付款', '长期债款', '长期欠债']",长期应付款,"[['长期应付款', 0, '合并资产负债表']]",,{v0},2,
"['长期借款', '长期贷款', '长期负债', '长期欠款', '长期负债款', '长久借款', '长期借贷', '长期借入款']",长期借款,"[['长期借款', 0, '合并资产负债表']]",,{v0},2,
"['长期股权投资', '长期股权投资', '长期投资股权', '长期对股权的投资', '长期股权的投资', '长期投入股权', '长期对股权进行的投资', '长期投资的股权', '普通长期股权投资', '长期投向股权', '长期股权径投资']",长期股权投资,"[['长期股权投资', 0, '合并资产负债表']]",,{v0},2,
"['长期待摊费用', '长期待摊费用', '长期要摊销的费用', '长期待分摊费用', '长期待摊销费用', '长期待支付费用', '长期待分配费用', '长期待清费用', '长期待扣费用', '长期待弥补费用', '长期待分解费用']",长期待摊费用,"[['长期待摊费用', 0, '合并资产负债表']]",,{v0},2,
['偿还债务支付的现金'],偿还债务支付的现金,"[['偿还债务支付的现金', 0, '合并现金流量表']]",,{v0},2,
"['拆入资金净增加额', '拆入资金净增额', '拆入资金净加值', '拆入资金纯收益', '拆入资金净收益', '拆入资金净涨', '拆入资金纯增长', '拆入资金净进账', '净增拆入资金', '纯增拆入资金', '拆入资金总增值']",拆入资金净增加额,"[['拆入资金净增加额', 0, '合并现金流量表']]",,{v0},2,
"['拆入资金', '拆入资金', '拆借入资金', '拆借进来的资金', '借用他行资金', '拆借得来的资金', '分拆进的资金', '接入的资金', '拆分入的资金', '拆借资产', '接受拆借的资金']",拆入资金,"[['拆入资金', 0, '合并资产负债表']]",,{v0},2,
"['拆出资金净增加额', '拆出资金净增加额', '拆出资金净增值', '拆出资金净益额', '拆出资金净涨幅', '拆出资金净升值', '拆出资金应增额度', '拆出资金实际净增加', '拆出资金净增进额', '拆出资金增长的净额', '拆出资金实增部分']",拆出资金净增加额,"[['拆出资金净增加额', 0, '合并现金流量表']]",,{v0},2,
"['拆出资金', '拆出资金', '拆借资金', '拆解资金', '拆分资金', '拆散资金', '拆离资金', '拆派资金', '拆售资金', '拆逆资金', '拆融资金']",拆出资金,"[['拆出资金', 0, '合并资产负债表']]",,{v0},2,
"['财务人员', '财务人员', '财务部门员工', '财务部门的工作人员', '财务人力', '财务成员', '财务团队成员', '账务人员', '会计人员', '会计团队成员', '财会分部人员']",财务人员,"[['财务人员', 0, '员工情况表']]",,{v0},2,
"['财务费用增长率', '财务费用增长比例', '财务费用增长幅度', '财务支出增长率', '财务开销增长率', '财务成本增长率', '财务支出增长比例', '财务开销增长比例', '财务成本增长比例', '财务支出增长幅度', '财务费用的增长速度']",财务费用增长率,"[['财务费用', '0', '合并利润表'], ['财务费用', '1', '合并利润表']]",,({v0}-{v1})/{v1},2,
"['财务费用率', '财务支出比率', '财务成本率', '财务开支比率', '财务费用比例', '财务成本占比', '财务支出水平', '财务成本水平', '财务费用水平', '财务开支水平', '财务费用占比']",财务费用率,"[['财务费用', '0', '合并利润表'], ['营业收入', '0', '合并利润表']]",,{v0}/{v1},2,- 财务费用率=财务费用/营业收入，财务费用（合并利润表），营业收入(合并利润表)
"['财务费用', '财务费用', '财务开支', '财务消耗', '财务支出', '金融费用', '金融开支', '经济费用', '经济开支', '财务成本', '财务用费']",财务费用,"[['财务费用', '0', '合并利润表']]",,{v0},2,
['不能重分类进损益的其他综合收益'],不能重分类进损益的其他综合收益,"[['不能重分类进损益的其他综合收益', 0, '合并利润表']]",,{v0},2,
"['博士及以上', '博士', '博士学位', '博士研究生', '博士生', '博士后', '博士人数', '博士数量', '在读博士', '博士学历', '博士员工']",博士,"[['博士', '0', '员工情况表']]",,{v0},2,
"['本科', '全日制本科', '本科学历', '大学本科', '本科学位', '本科教育', '本科生', '本科阶段', '大学本科生', '本科期间', '学士学位']",本科,"[['本科', 0, '员工情况表']]",,{v0},2,
"['保险合同准备金', '保险合同准备金', '保险合同储备金', '保险合同预备金', '保险合同准备费用', '保险合同的备用金', '保险合同应储金额', '准备金保险合同', '合同保险的准备金', '保险预备资金', '保险的合同准备金']",保险合同准备金,"[['保险合同准备金', 0, '合并资产负债表']]",,{v0},2,
['保户储金及投资款净增加额'],保户储金及投资款净增加额,"[['保户储金及投资款净增加额', 0, '合并现金流量表']]",,{v0},2,
"['保单红利支出', '保单红利支出', '保单红利花费', '保单红利支配', '红利保单支出', '红利保单支付', '支出的保单红利', '红利保单花费', '支付的保单红利', '保单花费的红利', '保单支出的红利']",保单红利支出,"[['保单红利支出', 0, '合并利润表']]",,{v0},2,
['办公地址的邮政编码'],办公地址的邮政编码,"[['办公地址的邮政编码', 0, '公司信息表']]",,{v0},2,
"['办公地址', '办公地点', '办公所在地', '办公场所', '工作地址', '办公点', '公司地址', '营业场所', '办公室地址', '公司办公地点', '工作地点']",办公地址,"[['办公地址', '0', '公司信息表']]",,{v0},2,
"['按所有权归属分类', '所有权归属分类', '按所有权类别', '所有权归属类别', '所有权归属类型', '依据所有权归属分类', '按照所有权归属分类', '所有权分类', '所有权类别归属', '所有权种类归属', '根据所有权归属分类']",按所有权归属分类,"[['按所有权归属分类', 0, '合并利润表']]",,{v0},2,
"['按经营持续性分类', '按照经营持续性分类', '根据经营持续性分类', '依据经营持续性分类', '按经营持续性划分', '按经营持续性区分', '依照经营持续性分类', '按经营持续性进行分类', '参照经营持续性分类', '按经营持续性类别', '按经营的持续性分类']",按经营持续性分类,"[['按经营持续性分类', 0, '合并利润表']]",,{v0},2,
['主要供应商'],主要供应商,,,,3,
['自由现金流量'],自由现金流量,,,,3,
['资本支出'],资本支出,,,,3,
['资本收益率'],资本收益率,,,,3,
['资本回报率'],资本回报率,,,,3,
['资本成本'],资本成本,,,,3,
['主要控股参股公司'],主要控股参股公司,,,,3,
['政府补助'],政府补助,,,,3,
['营运资本'],营运资本,,,,3,
['营业周期'],营业周期,,,,3,
['营业外收支净额'],营业外收支净额,,,,3,
['盈利能力'],盈利能力,,,,3,
['研发情况'],研发情况,,,,3,
['销售净利率'],销售净利率,,,,3,
['市盈率'],市盈率,,,,3,
['生物资产'],生物资产,,,,3,
['应收账款周转率'],应收账款周转率,,,,3,
['毛利润'],毛利润,,,,3,
['流动资产金额'],流动资产金额,,,,3,
['扣除非经常性损益后净利润'],扣除非经常性损益后净利润,,,,3,
['控股股东、实际控制人诚信状况'],控股股东、实际控制人诚信状况,,,,3,
['记账本位币'],记账本位币,,,,3,
['金融工具'],金融工具,,,,3,
['净资产或股东权益'],净资产或股东权益,,,,3,
['净资产收益率'],净资产收益率,"[['净利润', '0', '合并利润表'], ['营业收入', '0', '合并利润表']]",,{v0}/{v1},2,
['净资产回报率'],净资产回报率,,,,3,
['经营活动产生现金流量'],经营活动产生现金流量,,,,3,
['借款费用'],借款费用,,,,3,
['会计期间'],会计期间,,,,3,
['合同成本'],合同成本,,,,3,
['股份支付'],股份支付,,,,3,
['固定资产周转率'],固定资产周转率,,,,3,
['国民技术非标准审计报告'],国民技术非标准审计报告,,,,3,
['归属于少数股东综合收益总额'],归属于少数股东综合收益总额,,,,3,
['归属于母公司所有者综合收益总额'],归属于母公司所有者综合收益总额,,,,3,
['公司员工'],公司员工,,,,3,
['公司实际控制人'],公司实际控制人,,,,3,
['负债率'],负债率,,,,3,
['负债收益率'],负债收益率,,,,3,
['存货周转天数'],存货周转天数,,,,3,
['存货周转率'],存货周转率,,,,3,
['成本费用法'],成本费用法,,,,3,
['偿债能力'],偿债能力,,,,3,
['财务杠杆'],财务杠杆,,,,3,
['财务风险'],财务风险,,,,3,